Rank 	Metropolitan statistical area 	2019 estimate 	2010 Census 	% change 	Encompassing combined statistical area
1	New York City-Newark-Jersey City, NY-NJ-PA MSA 	19216182	18897109	+1.69% 	New York-Newark, NY-NJ-CT-PA CSA
2	Los Angeles-Long Beach-Anaheim, CA MSA 	13214799	12828837	+3.01% 	Los Angeles-Long Beach, CA CSA
3	Chicago-Naperville-Elgin, IL-IN-WI MSA 	9458539	9461105	−0.03% 	Chicago-Naperville, IL-IN-WI CSA
4	Dallas-Fort Worth-Arlington, TX MSA 	7573136	6366542	+18.95% 	Dallas-Fort Worth, TX-OK CSA
5	Houston-The Woodlands-Sugar Land, TX MSA 	7066141	5920416	+19.35% 	Houston-The Woodlands, TX CSA
6	Washington-Arlington-Alexandria, DC-VA-MD-WV MSA 	6280487	5649540	+11.17% 	Washington-Baltimore-Arlington, DC-MD-VA-WV-PA CSA
7	Miami-Fort Lauderdale-West Palm Beach, FL MSA 	6166488	5564635	+10.82% 	Miami-Port St. Lucie-Fort Lauderdale, FL CSA
8	Philadelphia-Camden-Wilmington, PA-NJ-DE-MD MSA 	6102434	5965343	+2.30% 	Philadelphia-Reading-Camden, PA-NJ-DE-MD CSA
9	Atlanta-Sandy Springs-Alpharetta, GA MSA 	6020364	5286728	+13.88% 	Atlanta–Athens-Clarke County–Sandy Springs, GA-AL CSA
10	Phoenix-Mesa-Chandler, AZ MSA 	4948203	4192887	+18.01% 	Phoenix-Mesa, AZ CSA
11	Boston-Cambridge-Newton, MA-NH MSA 	4873019	4552402	+7.04% 	Boston-Worcester-Providence, MA-RI-NH-CT CSA
12	San Francisco-Oakland-Berkeley, CA MSA 	4731803	4335391	+9.14% 	San Jose-San Francisco-Oakland, CA CSA
13	Riverside-San Bernardino-Ontario, CA MSA 	4650631	4224851	+10.08% 	Los Angeles-Long Beach, CA CSA
14	Detroit–Warren–Dearborn, MI MSA 	4319629	4296250	+0.54% 	Detroit-Warren-Ann Arbor, MI CSA
15	Seattle-Tacoma-Bellevue, WA MSA 	3979845	3439809	+15.70% 	Seattle-Tacoma, WA CSA
16	Minneapolis-St. Paul-Bloomington, MN-WI MSA 	3654908	3346859	+9.20% 	Minneapolis-St. Paul, MN-WI CSA
17	San Diego-Chula Vista-Carlsbad, CA MSA 	3338330	3095313	+7.85%	
18	Tampa-St. Petersburg-Clearwater, FL MSA 	3194831	2783243	+14.79%	
19	Denver-Aurora-Lakewood, CO MSA 	2967239	2543482	+16.66% 	Denver-Aurora, CO CSA
20	St. Louis, MO-IL MSA 	2803228	2787701	+0.56% 	St. Louis-St. Charles-Farmington, MO-IL CSA
21	Baltimore-Columbia-Towson, MD MSA 	2800053	2710489	+3.30% 	Washington-Baltimore-Arlington, DC-MD-VA-WV-PA CSA
22	Charlotte-Concord-Gastonia, NC-SC MSA 	2636883	2243960	+17.51% 	Charlotte-Concord, NC-SC CSA
23	Orlando-Kissimmee-Sanford, FL MSA 	2608147	2134411	+22.20% 	Orlando-Lakeland-Deltona, FL CSA
24	San Antonio-New Braunfels, TX MSA 	2550960	2142508	+19.06%	
25	Portland-Vancouver-Hillsboro, OR-WA MSA 	2492412	2226009	+11.97% 	Portland-Vancouver-Salem, OR-WA CSA
26	Sacramento-Roseville-Folsom, CA MSA 	2363730	2149127	+9.99% 	Sacramento-Roseville, CA CSA
27	Pittsburgh, PA MSA 	2317600	2356285	−1.64% 	Pittsburgh-New Castle-Weirton, PA-OH-WV CSA
28	Las Vegas-Henderson-Paradise, NV MSA 	2266715	1951269	+16.17% 	Las Vegas-Henderson, NV-AZ CSA
29	Austin-Round Rock-Georgetown, TX MSA 	2227083	1716289	+29.76%	
30	Cincinnati, OH-KY-IN MSA 	2221208	2137667	+3.91% 	Cincinnati-Wilmington-Maysville, OH-KY-IN CSA
31	Kansas City, MO-KS MSA 	2157990	2009342	+7.40% 	Kansas City-Overland Park-Kansas City, MO-KS CSA
32	Columbus, OH MSA 	2122271	1901974	+11.58% 	Columbus-Marion-Zanesville, OH CSA
33	Indianapolis-Carmel-Anderson, IN MSA 	2074537	1887877	+9.89% 	Indianapolis-Carmel-Muncie, IN CSA
34	Cleveland-Elyria, OH MSA 	2048449	2077240	−1.39% 	Cleveland-Akron-Canton, OH CSA
35	San Jose-Sunnyvale-Santa Clara, CA MSA 	1990660	1836911	+8.37% 	San Jose-San Francisco-Oakland, CA CSA
36	Nashville-Davidson–Murfreesboro–Franklin, TN MSA 	1934317	1646200	+17.50% 	Nashville-Davidson–Murfreesboro, TN CSA
37	Virginia Beach-Norfolk-Newport News, VA-NC MSA 	1768901	1713954	+3.21% 	Virginia Beach-Norfolk, VA-NC CSA
38	Providence-Warwick, RI-MA MSA 	1624578	1600852	+1.48% 	Boston-Worcester-Providence, MA-RI-NH-CT CSA
39	Milwaukee-Waukesha, WI MSA 	1575179	1555908	+1.24% 	Milwaukee-Racine-Waukesha, WI CSA
40	Jacksonville, FL MSA 	1559514	1345596	+15.90% 	Jacksonville-St. Marys-Palatka, FL-GA CSA
41	Oklahoma City, OK MSA 	1408950	1252987	+12.45% 	Oklahoma City-Shawnee, OK CSA
42	Raleigh-Cary, NC MSA 	1390785	1130490	+23.02% 	Raleigh-Durham-Cary, NC CSA
43	Memphis, TN-MS-AR MSA 	1346045	1316100	+2.28% 	Memphis-Forrest City, TN-MS-AR CSA
44	Richmond, VA MSA 	1291900	1186501	+8.88%	
45	New Orleans-Metairie, LA MSA 	1270530	1189866	+6.78% 	New Orleans-Metairie-Hammond, LA-MS CSA
46	Louisville/Jefferson County, KY-IN MSA 	1265108	1202718	+5.19% 	Louisville/Jefferson County–Elizabethtown–Bardstown, KY-IN CSA
47	Salt Lake City, UT MSA 	1232696	1087873	+13.31% 	Salt Lake City-Provo-Orem, UT CSA
48	Hartford-East Hartford-Middletown, CT MSA 	1204877	1212381	−0.62% 	Hartford-East Hartford, CT CSA
49	Buffalo-Niagara Falls, NY MSA 	1127983	1135509	−0.66% 	Buffalo-Cheektowaga-Cattaraugus, NY CSA
50	Birmingham-Hoover, AL MSA 	1090435	1061024	+2.77% 	Birmingham-Hoover-Talladega, AL CSA
51	Grand Rapids-Kentwood, MI MSA 	1077370	993670	+8.42% 	Grand Rapids-Kentwood-Muskegon, MI CSA
52	Rochester, NY MSA 	1069644	1079671	−0.93% 	Rochester-Batavia-Seneca Falls, NY CSA
53	Tucson, AZ MSA 	1047279	980263	+6.84% 	Tucson-Nogales, AZ CSA
54	Fresno, CA MSA 	999101	930450	+7.38% 	Fresno-Madera-Hanford, CA CSA
55	Tulsa, OK MSA 	998626	937478	+6.52% 	Tulsa-Muskogee-Bartlesville, OK CSA
56	Urban Honolulu, HI MSA 	974563	953207	+2.24%	
57	Omaha-Council Bluffs, NE-IA MSA 	949442	865350	+9.72% 	Omaha-Council Bluffs-Fremont, NE-IA CSA
58	Worcester, MA-CT MSA 	947404	916980	+3.32% 	Boston-Worcester-Providence, MA-RI-NH-CT CSA
59	Bridgeport-Stamford-Norwalk, CT MSA 	943332	916829	+2.89% 	New York-Newark, NY-NJ-CT-PA CSA
60	Greenville-Anderson, SC MSA 	920477	824112	+11.69% 	Greenville-Spartanburg-Anderson, SC CSA
61	Albuquerque, NM MSA 	918018	887077	+3.49% 	Albuquerque-Santa Fe-Las Vegas, NM CSA
62	Bakersfield, CA MSA 	900202	839631	+7.21%	
63	Albany-Schenectady-Troy, NY MSA 	880381	870716	+1.11% 	Albany-Schenectady, NY CSA
64	Knoxville, TN MSA 	869046	814914	+6.64% 	Knoxville-Morristown-Sevierville, TN CSA
65	McAllen-Edinburg-Mission, TX MSA 	868707	774769	+12.12% 	McAllen-Edinburg, TX CSA
66	Baton Rouge, LA MSA 	854884	825905	+3.51%	
67	New Haven-Milford, CT MSA 	854757	862477	−0.90% 	New York-Newark, NY-NJ-CT-PA CSA
68	Oxnard-Thousand Oaks-Ventura, CA MSA 	846006	823318	+2.76% 	Los Angeles-Long Beach, CA CSA
69	El Paso, TX MSA 	844124	804123	+4.97% 	El Paso-Las Cruces, TX-NM CSA
70	Allentown-Bethlehem-Easton, PA-NJ MSA 	844052	821173	+2.79%	
71	Columbia, SC MSA 	838433	767598	+9.23% 	Columbia-Orangeburg-Newberry, SC CSA
72	North Port-Sarasota-Bradenton, FL MSA 	836995	702281	+19.18% 	North Port-Sarasota, FL CSA
73	Dayton-Kettering, OH MSA 	807611	799232	+1.05% 	Dayton-Springfield-Kettering, OH CSA
74	Charleston-North Charleston, SC MSA 	802122	664607	+20.69%	
75	Greensboro-High Point, NC MSA 	771851	723801	+6.64% 	Greensboro–Winston-Salem–High Point, NC CSA
76	Cape Coral-Fort Myers, FL MSA 	770577	618754	+24.54% 	Cape Coral-Fort Myers-Naples, FL CSA
77	Stockton, CA MSA 	762148	685306	+11.21% 	San Jose-San Francisco-Oakland, CA CSA
78	Boise City, ID MSA 	749202	616561	+21.51% 	Boise City-Mountain Home-Ontario, ID-OR CSA
79	Colorado Springs, CO MSA 	745791	645613	+15.52%	
80	Little Rock-North Little Rock-Conway, AR MSA 	742384	699757	+6.09% 	Little Rock-North Little Rock, AR CSA
81	Lakeland-Winter Haven, FL MSA 	724777	602095	+20.38% 	Orlando-Lakeland-Deltona, FL CSA
82	Akron, OH MSA 	703479	703200	+0.04% 	Cleveland-Akron-Canton, OH CSA
83	Des Moines-West Des Moines, IA MSA 	699292	606475	+15.30% 	Des Moines-Ames-West Des Moines, IA CSA
84	Springfield, MA MSA 	697382	692942	+0.64%	
85	Ogden-Clearfield, UT MSA 	683864	597159	+14.52% 	Salt Lake City-Provo-Orem, UT CSA
86	Poughkeepsie-Newburgh-Middletown, NY MSA 	679158	670301	+1.32% 	New York-Newark, NY-NJ-CT-PA CSA
87	Winston-Salem, NC MSA 	676008	640595	+5.53% 	Greensboro–Winston-Salem–High Point, NC CSA
88	Deltona-Daytona Beach-Ormond Beach, FL MSA 	668365	590289	+13.23% 	Orlando-Lakeland-Deltona, FL CSA
89	Madison, WI MSA 	664865	605435	+9.82% 	Madison-Janesville-Beloit, WI CSA
90	Syracuse, NY MSA 	648593	662577	−2.11% 	Syracuse-Auburn, NY CSA
91	Provo-Orem, UT MSA 	648252	526810	+23.05% 	Salt Lake City-Provo-Orem, UT CSA
92	Durham-Chapel Hill, NC MSA 	644367	564273	+14.19% 	Raleigh-Durham-Cary, NC CSA
93	Toledo, OH MSA 	641816	651429	−1.48% 	Toledo-Findlay-Tiffin, OH CSA
94	Wichita, KS MSA 	640218	623061	+2.75% 	Wichita-Winfield, KS CSA
95	Augusta-Richmond County, GA-SC MSA 	608980	564873	+7.81%	
96	Palm Bay-Melbourne-Titusville, FL MSA 	601942	543376	+10.78% 	Orlando-Lakeland-Deltona, FL CSA
97	Jackson, MS MSA 	594806	586320	+1.45% 	Jackson-Vicksburg-Brookhaven, MS CSA
98	Harrisburg-Carlisle, PA MSA 	577941	549475	+5.18% 	Harrisburg-York-Lebanon, PA CSA
99	Spokane-Spokane Valley, WA MSA 	568521	514752	+10.45% 	Spokane-Spokane Valley-Coeur d'Alene, WA-ID CSA
100	Chattanooga, TN-GA MSA 	565194	528143	+7.02% 	Chattanooga-Cleveland-Dalton, TN-GA-AL CSA
101	Scranton–Wilkes-Barre, PA MSA 	553885	563631	−1.73%	
102	Modesto, CA MSA 	550660	514453	+7.04% 	San Jose-San Francisco-Oakland, CA CSA
103	Lansing-East Lansing, MI MSA 	550391	534684	+2.94%	
104	Lancaster, PA MSA 	545724	519445	+5.06%	
105	Portland-South Portland, ME MSA 	538500	514098	+4.75% 	Portland-Lewiston-South Portland, ME CSA
106	Youngstown-Warren-Boardman, OH-PA MSA 	536081	565773	−5.25% 	Youngstown-Warren, OH-PA CSA
107	Fayetteville-Springdale-Rogers, AR MSA 	534904	440121	+21.54%	
108	Fayetteville, NC MSA 	526719	481061	+9.49% 	Fayetteville-Lumberton-Laurinburg, NC CSA
109	Lexington-Fayette, KY MSA 	517056	472099	+9.52% 	Lexington-Fayette–Richmond–Frankfort, KY CSA
110	Pensacola-Ferry Pass-Brent, FL MSA 	502629	448991	+11.95% 	Pensacola-Ferry Pass, FL-AL CSA
111	Myrtle Beach-Conway-North Myrtle Beach, SC-NC MSA 	496901	376722	+31.90% 	Myrtle Beach-Conway, SC-NC CSA
112	Santa Rosa-Petaluma, CA MSA 	494336	483878	+2.16% 	San Jose-San Francisco-Oakland, CA CSA
113	Port St. Lucie, FL MSA 	489297	424107	+15.37% 	Miami-Port St. Lucie-Fort Lauderdale, FL CSA
114	Lafayette, LA MSA 	489207	466750	+4.81% 	Lafayette-Opelousas-Morgan City, LA CSA
115	Reno, NV MSA 	475642	425417	+11.81% 	Reno-Carson City-Fernley, NV CSA
116	Huntsville, AL MSA 	471824	417593	+12.99% 	Huntsville-Decatur, AL CSA
117	Springfield, MO MSA 	470300	436712	+7.69%	
118	Visalia, CA MSA 	466195	442179	+5.43%	
119	Asheville, NC MSA 	462680	424858	+8.90% 	Asheville-Marion-Brevard, NC CSA
120	Killeen-Temple, TX MSA 	460303	405300	+13.57%	
121	York-Hanover, PA MSA 	449058	434972	+3.24% 	Harrisburg-York-Lebanon, PA CSA
122	Vallejo, CA MSA 	447643	413344	+8.30% 	San Jose-San Francisco-Oakland, CA CSA
123	Santa Maria-Santa Barbara, CA MSA 	446499	423895	+5.33%	
124	Salinas, CA MSA 	434061	415057	+4.58%	
125	Salem, OR MSA 	433903	390738	+11.05% 	Portland-Vancouver-Salem, OR-WA CSA
126	Mobile, AL MSA 	429536	430573	−0.24% 	Mobile-Daphne-Fairhope, AL CSA
127	Corpus Christi, TX MSA 	429024	405027	+5.92% 	Corpus Christi-Kingsville-Alice, TX CSA
128	Brownsville-Harlingen, TX MSA 	423163	406220	+4.17% 	Brownsville-Harlingen-Raymondville, TX CSA
129	Reading, PA MSA 	421164	411442	+2.36% 	Philadelphia-Reading-Camden, PA-NJ-DE-MD CSA
130	Gulfport-Biloxi, MS MSA 	417665	388488	+7.51%	
131	Manchester-Nashua, NH MSA 	417025	400721	+4.07% 	Boston-Worcester-Providence, MA-RI-NH-CT CSA
132	Salisbury, MD-DE MSA 	415726	373802	+11.22% 	Salisbury-Cambridge, MD-DE CSA
133	Fort Wayne, IN MSA 	413263	388621	+6.34% 	Fort Wayne-Huntington-Auburn, IN CSA
134	Flint, MI MSA 	405813	425790	−4.69% 	Detroit-Warren-Ann Arbor, MI CSA
135	Peoria, IL MSA 	400561	416255	−3.77%	
136	Canton-Massillon, OH MSA 	397520	404422	−1.71% 	Cleveland-Akron-Canton, OH CSA
137	Anchorage, AK MSA 	396317	380821	+4.07%	
138	Shreveport-Bossier City, LA MSA 	394706	398604	−0.98% 	Shreveport-Bossier City-Minden, LA CSA
139	Savannah, GA MSA 	393353	347611	+13.16% 	Savannah-Hinesville-Statesboro, GA CSA
140	Beaumont-Port Arthur, TX MSA 	392563	388745	+0.98%	
141	Tallahassee, FL MSA 	387227	367413	+5.39%	
142	Naples-Marco Island, FL MSA 	384902	321520	+19.71% 	Cape Coral-Fort Myers-Naples, FL CSA
143	Eugene-Springfield, OR MSA 	382067	351715	+8.63%	
144	Davenport-Moline-Rock Island, IA-IL MSA 	379172	379690	−0.14% 	Davenport-Moline, IA-IL CSA
145	Montgomery, AL MSA 	373290	374536	−0.33% 	Montgomery-Selma-Alexander City, AL CSA
146	Hickory-Lenoir-Morganton, NC MSA 	369711	365497	+1.15%	
147	Ann Arbor, MI MSA 	367601	344791	+6.62% 	Detroit-Warren-Ann Arbor, MI CSA
148	Trenton-Princeton, NJ MSA 	367430	366513	+0.25% 	New York-Newark, NY-NJ-CT-PA CSA
149	Ocala, FL MSA 	365579	331298	+10.35%	
150	Fort Collins, CO MSA 	356899	299630	+19.11%	
151	Huntington-Ashland, WV-KY-OH MSA 	355873	370908	−4.05% 	Charleston-Huntington-Ashland, WV-OH-KY CSA
152	Lincoln, NE MSA 	336374	302157	+11.32% 	Lincoln-Beatrice, NE CSA
153	Rockford, IL MSA 	336116	349431	−3.81% 	Rockford-Freeport-Rochelle, IL CSA
154	Gainesville, FL MSA 	329128	305076	+7.88% 	Gainesville-Lake City, FL CSA
155	Boulder, CO MSA 	326196	294567	+10.74% 	Denver-Aurora, CO CSA
156	Greeley, CO MSA 	324492	252825	+28.35% 	Denver-Aurora, CO CSA
157	South Bend-Mishawaka, IN-MI MSA 	323613	319224	+1.37% 	South Bend-Elkhart-Mishawaka, IN-MI CSA
158	Green Bay, WI MSA 	322906	306241	+5.44% 	Green Bay-Shawano, WI CSA
159	Lubbock, TX MSA 	322257	290805	+10.82% 	Lubbock-Plainview-Levelland, TX CSA
160	Columbus, GA-AL MSA 	321048	307788	+4.31% 	Columbus-Auburn-Opelika, GA-AL CSA
161	Spartanburg, SC MSA 	319785	284307	+12.48% 	Greenville-Spartanburg-Anderson, SC CSA
162	Evansville, IN-KY MSA 	315086	311552	+1.13%	
163	Roanoke, VA MSA 	313222	308707	+1.46%	
164	Clarksville, TN-KY MSA 	307820	273949	+12.36%	
165	Kingsport-Bristol, TN-VA MSA 	307202	309544	−0.76% 	Johnson City-Kingsport-Bristol, TN-VA CSA
166	Kennewick-Richland, WA MSA 	299612	253340	+18.26% 	Kennewick-Richland-Walla Walla, WA CSA
167	Wilmington, NC MSA 	297533	254884	+16.73%	
168	Olympia-Lacey-Tumwater, WA MSA 	290536	252264	+15.17% 	Seattle-Tacoma, WA CSA
169	Utica-Rome, NY MSA 	289990	299397	−3.14%	
170	Duluth, MN-WI MSA 	288732	290637	−0.66%	
171	Hagerstown-Martinsburg, MD-WV MSA 	288104	269140	+7.05% 	Washington-Baltimore-Arlington, DC-MD-VA-WV-PA CSA
172	Longview, TX MSA 	286657	280000	+2.38%	
173	Crestview-Fort Walton Beach-Destin, FL MSA 	284809	235865	+20.75%	
174	San Luis Obispo-Paso Robles, CA MSA 	283111	269637	+5.00%	
175	Merced, CA MSA 	277680	255793	+8.56% 	San Jose-San Francisco-Oakland, CA CSA
176	Laredo, TX MSA 	276652	250304	+10.53%	
177	Waco, TX MSA 	273920	252772	+8.37%	
178	Santa Cruz-Watsonville, CA MSA 	273213	262382	+4.13% 	San Jose-San Francisco-Oakland, CA CSA
179	Cedar Rapids, IA MSA 	273032	257940	+5.85% 	Cedar Rapids-Iowa City, IA CSA
180	Bremerton-Silverdale-Port Orchard, WA MSA 	271473	251133	+8.10% 	Seattle-Tacoma, WA CSA
181	Erie, PA MSA 	269728	280566	−3.86% 	Erie-Meadville, PA CSA
182	Sioux Falls, SD MSA 	268232	228261	+17.51%	
183	Norwich-New London, CT MSA 	265206	274055	−3.23% 	Hartford-East Hartford, CT CSA
184	Kalamazoo-Portage, MI MSA 	265066	250331	+5.89% 	Kalamazoo-Battle Creek-Portage, MI CSA
185	Amarillo, TX MSA 	265053	251933	+5.21% 	Amarillo-Pampa-Borger, TX CSA
186	College Station-Bryan, TX MSA 	264728	228660	+15.77%	
187	Atlantic City-Hammonton, NJ MSA 	263670	274549	−3.96% 	Philadelphia-Reading-Camden, PA-NJ-DE-MD CSA
188	Lynchburg, VA MSA 	263566	252634	+4.33%	
189	Charleston, WV MSA 	257074	278009	−7.53% 	Charleston-Huntington-Ashland, WV-OH-KY CSA
190	Tuscaloosa, AL MSA 	252047	239207	+5.37%	
191	Yakima, WA MSA 	250873	243231	+3.14%	
192	Fort Smith, AR-OK MSA 	250368	248208	+0.87%	
193	Fargo, ND-MN MSA 	246145	208777	+17.90% 	Fargo-Wahpeton, ND-MN CSA
194	Binghamton, NY MSA 	238691	251725	−5.18%	
195	Appleton, WI MSA 	237974	225666	+5.45% 	Appleton-Oshkosh-Neenah, WI CSA
196	Prescott Valley-Prescott, AZ MSA 	235099	211033	+11.40%	
197	Lafayette-West Lafayette, IN MSA 	233002	210297	+10.80% 	Lafayette-West Lafayette-Frankfort, IN CSA
198	Tyler, TX MSA 	232751	209714	+10.98% 	Tyler-Jacksonville, TX CSA
199	Topeka, KS MSA 	231969	233870	−0.81%	
200	Macon-Bibb County, GA MSA 	229996	232293	−0.99% 	Macon-Bibb County–Warner Robins, GA CSA
201	Bellingham, WA MSA 	229247	201140	+13.97%	
202	Champaign-Urbana, IL MSA 	226033	217810	+3.78%	
203	Daphne-Fairhope-Foley, AL MSA 	223234	182265	+22.48% 	Mobile-Daphne-Fairhope, AL CSA
204	Hilton Head Island-Bluffton-Beaufort, SC MSA 	222195	187010	+18.81%	
205	Rochester, MN MSA 	221921	206877	+7.27% 	Rochester-Austin, MN CSA
206	Medford, OR MSA 	220944	203206	+8.73% 	Medford-Grants Pass, OR CSA
207	Burlington-South Burlington, VT MSA 	220411	211261	+4.33% 	Burlington-South Burlington-Barre, VT CSA
208	Chico, CA MSA 	219186	220000	−0.37%	
209	Charlottesville, VA MSA 	218615	201559	+8.46%	
210	Las Cruces, NM MSA 	218195	209233	+4.28% 	El Paso-Las Cruces, TX-NM CSA
211	Yuma, AZ MSA 	213787	195751	+9.21%	
212	Athens-Clarke County, GA MSA 	213750	192541	+11.02% 	Atlanta–Athens-Clarke County–Sandy Springs, GA-AL CSA
213	Barnstable Town, MA MSA 	212990	215888	−1.34% 	Boston-Worcester-Providence, MA-RI-NH-CT CSA
214	Lake Havasu City-Kingman, AZ MSA 	212181	200186	+5.99% 	Las Vegas-Henderson, NV-AZ CSA
215	Lake Charles, LA MSA 	210409	199607	+5.41% 	Lake Charles-Jennings, LA CSA
216	Columbia, MO MSA 	208173	190387	+9.34% 	Columbia-Moberly-Mexico, MO CSA
217	Houma-Thibodaux, LA MSA 	208075	208178	−0.05%	
218	Springfield, IL MSA 	206868	210170	−1.57% 	Springfield-Jacksonville-Lincoln, IL CSA
219	Elkhart-Goshen, IN MSA 	206341	197559	+4.45% 	South Bend-Elkhart-Mishawaka, IN-MI CSA
220	Florence, SC MSA 	204911	205566	−0.32%	
221	Gainesville, GA MSA 	204441	179684	+13.78% 	Atlanta–Athens-Clarke County–Sandy Springs, GA-AL CSA
222	Johnson City, TN MSA 	203649	198716	+2.48% 	Johnson City-Kingsport-Bristol, TN-VA CSA
223	St. Cloud, MN MSA 	201964	189093	+6.81% 	Minneapolis-St. Paul, MN-WI CSA
224	Monroe, LA MSA 	200261	204420	−2.03% 	Monroe-Ruston, LA CSA
225	Jacksonville, NC MSA 	197938	177772	+11.34%	
226	Bend, OR MSA 	197692	157733	+25.33% 	Bend-Prineville, OR CSA
227	Racine, WI MSA 	196311	195408	+0.46% 	Milwaukee-Racine-Waukesha, WI CSA
228	Saginaw, MI MSA 	190539	200169	−4.81% 	Saginaw-Midland-Bay City, MI CSA
229	Punta Gorda, FL MSA 	188910	159978	+18.08% 	North Port-Sarasota, FL CSA
230	Terre Haute, IN MSA 	186367	189764	−1.79%	
231	Warner Robins, GA MSA 	185409	167595	+10.63% 	Macon-Bibb County–Warner Robins, GA CSA
232	Midland, TX MSA 	182603	141671	+28.89% 	Midland-Odessa, TX CSA
233	Billings, MT MSA 	181667	167167	+8.67%	
234	El Centro, CA MSA 	181215	174528	+3.83%	
235	Dover, DE MSA 	180786	162310	+11.38% 	Philadelphia-Reading-Camden, PA-NJ-DE-MD CSA
236	Greenville, NC MSA 	180742	168148	+7.49% 	Greenville-Kinston-Washington, NC CSA
237	Redding, CA MSA 	180080	177223	+1.61% 	Redding-Red Bluff, CA CSA
238	Joplin, MO MSA 	179564	175518	+2.31% 	Joplin-Miami, MO-OK CSA
239	Bowling Green, KY MSA 	179240	158599	+13.01% 	Bowling Green-Glasgow, KY CSA
240	Jackson, TN MSA 	178644	179694	−0.58%	
241	Kingston, NY MSA 	177573	182493	−2.70% 	New York-Newark, NY-NJ-CT-PA CSA
242	St. George, UT MSA 	177556	138115	+28.56%	
243	Yuba City, CA MSA 	175639	166892	+5.24% 	Sacramento-Roseville, CA CSA
244	Panama City, FL MSA 	174705	168852	+3.47%	
245	Muskegon, MI MSA 	173566	172188	+0.80% 	Grand Rapids-Kentwood-Muskegon, MI CSA
246	Iowa City, IA MSA 	173105	152586	+13.45% 	Cedar Rapids-Iowa City, IA CSA
247	Abilene, TX MSA 	172060	165252	+4.12%	
248	Oshkosh-Neenah, WI MSA 	171907	166994	+2.94% 	Appleton-Oshkosh-Neenah, WI CSA
249	Bloomington, IL MSA 	171517	169572	+1.15% 	Bloomington-Pontiac, IL CSA
250	East Stroudsburg, PA MSA 	170271	169842	+0.25% 	New York-Newark, NY-NJ-CT-PA CSA
251	Burlington, NC MSA 	169509	151131	+12.16% 	Greensboro–Winston-Salem–High Point, NC CSA
252	Eau Claire, WI MSA 	169304	161151	+5.06% 	Eau Claire-Menomonie, WI CSA
253	Bloomington, IN MSA 	169230	159549	+6.07% 	Bloomington-Bedford, IN CSA
254	Hattiesburg, MS MSA 	168849	162410	+3.96% 	Hattiesburg-Laurel, MS CSA
255	Waterloo-Cedar Falls, IA MSA 	168522	167819	+0.42%	
256	Pueblo, CO MSA 	168424	159063	+5.89% 	Pueblo-Cañon City, CO CSA
257	Blacksburg-Christiansburg, VA MSA 	167531	162958	+2.81%	
258	Kahului-Wailuku-Lahaina, HI MSA 	167417	154834	+8.13%	
259	Odessa, TX MSA 	166223	137130	+21.22% 	Midland-Odessa, TX CSA
260	Coeur d'Alene, ID MSA 	165697	138494	+19.64% 	Spokane-Spokane Valley-Coeur d'Alene, WA-ID CSA
261	Auburn-Opelika, AL MSA 	164542	140247	+17.32% 	Columbus-Auburn-Opelika, GA-AL CSA
262	Janesville-Beloit, WI MSA 	163354	160331	+1.89% 	Madison-Janesville-Beloit, WI CSA
263	Wausau-Weston, WI MSA 	163285	162806	+0.29% 	Wausau-Stevens Point-Wisconsin Rapids, WI CSA
264	State College, PA MSA 	162385	153990	+5.45% 	State College-DuBois, PA CSA
265	Sebastian-Vero Beach, FL MSA 	159923	138028	+15.86% 	Miami-Port St. Lucie-Fort Lauderdale, FL CSA
266	Jackson, MI MSA 	158510	160248	−1.08%	
267	Madera, CA MSA 	157327	150865	+4.28% 	Fresno-Madera-Hanford, CA CSA
268	Chambersburg-Waynesboro, PA MSA 	155027	149618	+3.62% 	Washington-Baltimore-Arlington, DC-MD-VA-WV-PA CSA
269	Grand Junction, CO MSA 	154210	146723	+5.10%	
270	Elizabethtown-Fort Knox, KY MSA 	153928	148338	+3.77% 	Louisville/Jefferson County–Elizabethtown–Bardstown, KY-IN CSA
271	Niles, MI MSA 	153401	156813	−2.18% 	South Bend-Elkhart-Mishawaka, IN-MI CSA
272	Hanford-Corcoran, CA MSA 	152940	152982	−0.03% 	Fresno-Madera-Hanford, CA CSA
273	Decatur, AL MSA 	152603	153829	−0.80% 	Huntsville-Decatur, AL CSA
274	Bangor, ME MSA 	152148	153923	−1.15%	
275	Alexandria, LA MSA 	152037	153922	−1.22%	
276	Idaho Falls, ID MSA 	151530	133265	+13.71% 	Idaho Falls-Rexburg-Blackfoot, ID CSA
277	Wichita Falls, TX MSA 	151254	151306	−0.03%	
278	Jefferson City, MO MSA 	151235	149807	+0.95%	
279	Monroe, MI MSA 	150500	152021	−1.00% 	Detroit-Warren-Ann Arbor, MI CSA
280	Santa Fe, NM MSA 	150358	144170	+4.29% 	Albuquerque-Santa Fe-Las Vegas, NM CSA
281	Homosassa Springs, FL MSA 	149657	141236	+5.96%	
282	Vineland-Bridgeton, NJ MSA 	149527	156898	−4.70% 	Philadelphia-Reading-Camden, PA-NJ-DE-MD CSA
283	Dothan, AL MSA 	149358	145639	+2.55% 	Dothan-Ozark, AL CSA
284	Texarkana, TX-AR MSA 	148761	149198	−0.29%	
285	Florence-Muscle Shoals, AL MSA 	147970	147137	+0.57%	
286	Valdosta, GA MSA 	147292	139588	+5.52%	
287	Albany, GA MSA 	146726	153857	−4.63%	
288	Rocky Mount, NC MSA 	145770	152392	−4.35% 	Rocky Mount-Wilson-Roanoke Rapids, NC CSA
289	Dalton, GA MSA 	144724	142227	+1.76% 	Chattanooga-Cleveland-Dalton, TN-GA-AL CSA
290	Sioux City, IA-NE-SD MSA 	144701	143577	+0.78%	
291	Flagstaff, AZ MSA 	143476	134421	+6.74%	
292	Morristown, TN MSA 	142749	136608	+4.50% 	Knoxville-Morristown-Sevierville, TN CSA
293	Logan, UT-ID MSA 	142165	125442	+13.33%	
294	Rapid City, SD MSA 	142107	126382	+12.44% 	Rapid City-Spearfish, SD CSA
295	Lebanon, PA MSA 	141793	133568	+6.16% 	Harrisburg-York-Lebanon, PA CSA
296	Winchester, VA-WV MSA 	140566	128472	+9.41% 	Washington-Baltimore-Arlington, DC-MD-VA-WV-PA CSA
297	Sumter, SC MSA 	140466	142427	−1.38%	
298	Morgantown, WV MSA 	139044	129709	+7.20% 	Morgantown-Fairmont, WV CSA
299	Wheeling, WV-OH MSA 	138948	147950	−6.08%	
300	Napa, CA MSA 	137744	136484	+0.92% 	San Jose-San Francisco-Oakland, CA CSA
301	La Crosse-Onalaska, WI-MN MSA 	136616	133665	+2.21%	
302	Sherman-Denison, TX MSA 	136212	120877	+12.69% 	Dallas-Fort Worth, TX-OK CSA
303	Carbondale-Marion, IL MSA 	135764	139157	−2.44%	
304	Harrisonburg, VA MSA 	134964	125228	+7.77% 	Harrisonburg-Staunton-Waynesboro, VA CSA
305	Hammond, LA MSA 	134758	121097	+11.28% 	New Orleans-Metairie-Hammond, LA-MS CSA
306	Battle Creek, MI MSA 	134159	136146	−1.46% 	Kalamazoo-Battle Creek-Portage, MI CSA
307	Springfield, OH MSA 	134083	138333	−3.07% 	Dayton-Springfield-Kettering, OH CSA
308	Jonesboro, AR MSA 	133860	121026	+10.60% 	Jonesboro-Paragould, AR CSA
309	The Villages, FL MSA 	132420	93420	+41.75% 	Orlando-Lakeland-Deltona, FL CSA
310	Manhattan, KS MSA 	130285	127081	+2.52%	
311	Johnstown, PA MSA 	130192	143679	−9.39% 	Johnstown-Somerset, PA CSA
312	Albany-Lebanon, OR MSA 	129749	116672	+11.21% 	Portland-Vancouver-Salem, OR-WA CSA
313	Mount Vernon-Anacortes, WA MSA 	129205	116901	+10.53% 	Seattle-Tacoma, WA CSA
314	Bismarck, ND MSA 	128949	110625	+16.56%	
315	Lawton, OK MSA 	126415	130291	−2.97%	
316	Sierra Vista-Douglas, AZ MSA 	125922	131346	−4.13%	
317	St. Joseph, MO-KS MSA 	125223	127329	−1.65% 	Kansas City-Overland Park-Kansas City, MO-KS CSA
318	Glens Falls, NY MSA 	125148	128923	−2.93% 	Albany-Schenectady, NY CSA
319	Pittsfield, MA MSA 	124944	131219	−4.78%	
320	Cleveland, TN MSA 	124942	115788	+7.91% 	Chattanooga-Cleveland-Dalton, TN-GA-AL CSA
321	New Bern, NC MSA 	124284	126802	−1.99% 	New Bern-Morehead City, NC CSA
322	Farmington, NM MSA 	123958	130044	−4.68%	
323	Ames, IA MSA 	123351	115848	+6.48% 	Des Moines-Ames-West Des Moines, IA CSA
324	Goldsboro, NC MSA 	123131	122623	+0.41%	
325	Staunton, VA MSA 	123120	118502	+3.90% 	Harrisonburg-Staunton-Waynesboro, VA CSA
326	Lawrence, KS MSA 	122259	110826	+10.32% 	Kansas City-Overland Park-Kansas City, MO-KS CSA
327	San Angelo, TX MSA 	122027	112966	+8.02%	
328	Altoona, PA MSA 	121829	127089	−4.14%	
329	Mansfield, OH MSA 	121154	124475	−2.67% 	Mansfield-Ashland-Bucyrus, OH CSA
330	Wenatchee, WA MSA 	120629	110884	+8.79%	
331	Missoula, MT MSA 	119600	109299	+9.42%	
332	Owensboro, KY MSA 	119440	114752	+4.09%	
333	Brunswick, GA MSA 	118779	112370	+5.70%	
334	Weirton-Steubenville, WV-OH MSA 	116074	124454	−6.73% 	Pittsburgh-New Castle-Weirton, PA-OH-WV CSA
335	Beckley, WV MSA 	115767	124898	−7.31%	
336	Sheboygan, WI MSA 	115340	115507	−0.14%	
337	Muncie, IN MSA 	114135	117671	−3.00% 	Indianapolis-Carmel-Muncie, IN CSA
338	Anniston-Oxford, AL MSA 	113605	118572	−4.19%	
339	California-Lexington Park, MD MSA 	113510	105151	+7.95% 	Washington-Baltimore-Arlington, DC-MD-VA-WV-PA CSA
340	Williamsport, PA MSA 	113299	116111	−2.42% 	Williamsport-Lock Haven, PA CSA
341	Twin Falls, ID MSA 	111290	99604	+11.73%	
342	Longview, WA MSA 	110593	102410	+7.99% 	Portland-Vancouver-Salem, OR-WA CSA
343	Michigan City-La Porte, IN MSA 	109888	111467	−1.42% 	Chicago-Naperville, IL-IN-WI CSA
344	Kankakee, IL MSA 	109862	113449	−3.16% 	Chicago-Naperville, IL-IN-WI CSA
345	Watertown-Fort Drum, NY MSA 	109834	116229	−5.50%	
346	Lewiston-Auburn, ME MSA 	108277	107702	+0.53% 	Portland-Lewiston-South Portland, ME CSA
347	Sebring-Avon Park, FL MSA 	106221	98786	+7.53%	
348	Decatur, IL MSA 	104009	110768	−6.10%	
349	Fond du Lac, WI MSA 	103403	101633	+1.74%	
350	Bay City, MI MSA 	103126	107771	−4.31% 	Saginaw-Midland-Bay City, MI CSA
351	Gettysburg, PA MSA 	103009	101407	+1.58% 	Harrisburg-York-Lebanon, PA CSA
352	Lima, OH MSA 	102351	106331	−3.74% 	Lima-Van Wert-Celina, OH CSA
353	Gadsden, AL MSA 	102268	104430	−2.07%	
354	Ithaca, NY MSA 	102180	101564	+0.61% 	Ithaca-Cortland, NY CSA
355	Mankato, MN MSA 	101927	96740	+5.36% 	Mankato-New Ulm, MN CSA
356	Grand Forks, ND-MN MSA 	100815	98461	+2.39%	
357	Victoria, TX MSA 	99742	94003	+6.11% 	Victoria-Port Lavaca, TX CSA
358	Cheyenne, WY MSA 	99500	91738	+8.46%	
359	Hot Springs, AR MSA 	99386	96024	+3.50% 	Hot Springs-Malvern, AR CSA
360	Rome, GA MSA 	98498	96317	+2.26% 	Atlanta–Athens-Clarke County–Sandy Springs, GA-AL CSA
361	Dubuque, IA MSA 	97311	93653	+3.91%	
362	Cumberland, MD-WV MSA 	97284	103299	−5.82%	
363	Fairbanks, AK MSA 	96849	97581	−0.75%	
364	Cape Girardeau, MO-IL MSA 	96765	96275	+0.51% 	Cape Girardeau-Sikeston, MO-IL CSA
365	Pocatello, ID MSA 	95489	90656	+5.33%	
366	Corvallis, OR MSA 	93053	85579	+8.73% 	Portland-Vancouver-Salem, OR-WA CSA
367	Ocean City, NJ MSA 	92039	97265	−5.37% 	Philadelphia-Reading-Camden, PA-NJ-DE-MD CSA
368	Parkersburg-Vienna, WV MSA 	89339	92673	−3.60% 	Parkersburg-Marietta-Vienna, WV-OH CSA
369	Pine Bluff, AR MSA 	87804	100258	−12.42% 	Little Rock-North Little Rock, AR CSA
370	Grants Pass, OR MSA 	87487	82713	+5.77% 	Medford-Grants Pass, OR CSA
371	Columbus, IN MSA 	83779	76794	+9.10% 	Indianapolis-Carmel-Muncie, IN CSA
372	Elmira, NY MSA 	83456	88830	−6.05% 	Elmira-Corning, NY CSA
373	Bloomsburg-Berwick, PA MSA 	83194	85562	−2.77% 	Bloomsburg-Berwick-Sunbury, PA CSA
374	Midland, MI MSA 	83156	83629	−0.57% 	Saginaw-Midland-Bay City, MI CSA
375	Kokomo, IN MSA 	82544	82752	−0.25% 	Kokomo-Peru, IN CSA
376	Great Falls, MT MSA 	81366	81327	+0.05%	
377	Hinesville, GA MSA 	80994	77917	+3.95% 	Savannah-Hinesville-Statesboro, GA CSA
378	Casper, WY MSA 	79858	75450	+5.84%	
379	Danville, IL MSA 	75758	81625	−7.19%	
380	Grand Island, NE MSA 	75553	72726	+3.89%	
381	Lewiston, ID-WA MSA 	62990	60888	+3.45%	
382	Enid, OK MSA 	61056	60580	+0.79%	
383	Walla Walla, WA MSA 	60760	58781	+3.37%	
384	Carson City, NV MSA 	55916	55274	+1.16% 	Reno-Carson City-Fernley, NV CSA
